HomeTeam,AwayTeam,gameweek,kickoff_utc,p_home,p_draw,p_away,pred_date,finished,FTHG,FTAG,outcome
Arsenal,Coventry,1,2026-08-21 19:00:00+00:00,0.633991955719764,0.2109059573529242,0.1551020869273119,2026-08-21,True,3.0,0.0,H
Hull,Man United,1,2026-08-22 11:30:00+00:00,0.2363189912517291,0.2448704977403329,0.518810511007938,2026-08-22,True,2.0,0.0,H
Everton,Crystal Palace,1,2026-08-22 14:00:00+00:00,0.4382066948652895,0.2597868993213879,0.3020064058133224,2026-08-22,True,2.0,0.0,H
Ipswich,Sunderland,1,2026-08-22 14:00:00+00:00,0.4449213985322214,0.2589822823558907,0.2960963191118876,2026-08-22,True,2.0,1.0,H
Nott'm Forest,Leeds,1,2026-08-22 14:00:00+00:00,0.4225374659991739,0.2613900989861082,0.3160724350147178,2026-08-22,True,0.0,1.0,A
Brentford,Tottenham,1,2026-08-22 16:30:00+00:00,0.3862286162933264,0.2635603328125334,0.35021105089414,2026-08-22,True,3.0,0.0,H
Brighton,Aston Villa,1,2026-08-23 13:00:00+00:00,0.407265855059681,0.2625722894135607,0.3301618555267582,2026-08-23,True,4.0,0.0,H
Man City,Bournemouth,1,2026-08-23 13:00:00+00:00,0.5503001787582331,0.2378638469603712,0.2118359742813956,2026-08-23,True,2.0,1.0,H
Newcastle,Liverpool,1,2026-08-23 15:30:00+00:00,0.3008569075397628,0.2590776531386138,0.4400654393216232,2026-08-23,True,2.0,2.0,D
Fulham,Chelsea,1,2026-08-24 19:00:00+00:00,0.3152373595649872,0.2608744566711645,0.4238881837638482,2026-08-24,True,2.0,3.0,A
Crystal Palace,Man City,2,2026-08-28 19:00:00+00:00,0.2420086050277982,0.2463768188760991,0.5116145760961027,2026-08-28,True,1.0,4.0,A
Liverpool,Nott'm Forest,2,2026-08-29 11:30:00+00:00,0.5727705807147955,0.2314647853960552,0.1957646338891492,2026-08-28,True,2.0,2.0,D
Bournemouth,Everton,2,2026-08-29 14:00:00+00:00,0.4506613018692537,0.2581910050365382,0.291147693094208,2026-08-29,True,1.0,1.0,D
Coventry,Hull,2,2026-08-29 14:00:00+00:00,0.5325251891864754,0.242475060327435,0.2249997504860895,2026-08-29,True,0.0,1.0,A
Tottenham,Newcastle,2,2026-08-29 16:30:00+00:00,0.5086670036783323,0.248013860527189,0.2433191357944786,2026-08-29,True,0.0,2.0,A
Chelsea,Brighton,2,2026-08-30 13:00:00+00:00,0.5327889929478953,0.2424096179677047,0.2248013890844001,2026-08-30,True,4.0,3.0,H
Leeds,Brentford,2,2026-08-30 13:00:00+00:00,0.3917882837139557,0.2632885408890558,0.3449231753969882,2026-08-30,True,1.0,1.0,D
Sunderland,Fulham,2,2026-08-30 13:00:00+00:00,0.4211598275624932,0.2614462051719213,0.3173939672655854,2026-08-30,True,1.0,0.0,H
Man United,Ipswich,2,2026-08-30 15:30:00+00:00,0.5336269662493396,0.2422011392007168,0.2241718945499438,2026-08-30,True,5.0,2.0,H
Aston Villa,Arsenal,2,2026-08-31 19:00:00+00:00,0.2717243849418544,0.2538080979578588,0.4744675171002868,2026-08-31,True,0.0,1.0,A
Ipswich,Liverpool,3,2026-09-04 19:00:00+00:00,0.2920352334598272,0.2574213166981128,0.4505434498420601,2026-09-04,True,0.0,2.0,A
Newcastle,Bournemouth,3,2026-09-05 11:30:00+00:00,0.3771186051313646,0.263492242193751,0.3593891526748843,2026-09-05,True,2.0,2.0,D
Nott'm Forest,Tottenham,3,2026-09-05 14:00:00+00:00,0.541194211640762,0.2401475109558743,0.2186582774033636,2026-09-05,True,0.0,0.0,D
Man City,Coventry,3,2026-09-05 14:00:00+00:00,0.6025248377065875,0.2219261910846612,0.1755489712087511,2026-09-05,True,1.0,0.0,H
Brighton,Leeds,3,2026-09-05 14:00:00+00:00,0.4200011451444333,0.2613900337441042,0.3186088211114624,2026-09-05,True,1.0,1.0,D
Brentford,Sunderland,3,2026-09-05 14:00:00+00:00,0.4839125810934134,0.2528009565084174,0.2632864623981691,2026-09-05,True,1.0,1.0,D
Fulham,Crystal Palace,3,2026-09-05 14:00:00+00:00,0.4600291493775689,0.2567291881217776,0.2832416625006534,2026-09-05,True,2.0,3.0,A
Hull,Aston Villa,3,2026-09-05 16:30:00+00:00,0.3664598344319778,0.2635146615847731,0.3700255039832492,2026-09-05,True,0.0,0.0,D
Everton,Man United,3,2026-09-06 13:00:00+00:00,0.3005550614558766,0.2587177127781532,0.4407272257659701,2026-09-05,True,2.0,2.0,D
Arsenal,Chelsea,3,2026-09-06 15:30:00+00:00,0.5052406358300059,0.2486082459542161,0.2461511182157779,2026-09-05,True,2.0,1.0,H
Bournemouth,Brentford,4,2026-09-12 14:00:00+00:00,0.4571507555510204,0.2573985662991271,0.2854506781498524,2026-09-12,True,2.0,2.0,D
Chelsea,Hull,4,2026-09-12 14:00:00+00:00,0.623363107620022,0.2149678939277436,0.1616689984522344,2026-09-12,True,2.0,2.0,D
Crystal Palace,Ipswich,4,2026-09-12 14:00:00+00:00,0.4029104843944554,0.2628328296314461,0.3342566859740984,2026-09-12,True,2.0,3.0,A
Aston Villa,Nott'm Forest,4,2026-09-12 14:00:00+00:00,0.4529878237125093,0.2579784113922914,0.2890337648951991,2026-09-12,True,1.0,2.0,A
Liverpool,Fulham,4,2026-09-12 14:00:00+00:00,0.6364334181418976,0.2101807798363141,0.1533858020217882,2026-09-12,True,0.0,0.0,D
Tottenham,Everton,4,2026-09-12 16:30:00+00:00,0.3214627524197868,0.261390329352627,0.4171469182275861,2026-09-12,True,0.0,0.0,D
Sunderland,Arsenal,4,2026-09-12 19:00:00+00:00,0.2158420233087869,0.2376748934729658,0.5464830832182472,2026-09-12,True,0.0,2.0,A
Coventry,Brighton,4,2026-09-13 13:00:00+00:00,0.3956197994114078,0.2631975738963522,0.3411826266922401,2026-09-13,True,0.0,5.0,A
Man United,Man City,4,2026-09-13 15:30:00+00:00,0.3711600177134748,0.2637433404360737,0.3650966418504516,2026-09-13,True,0.0,1.0,A
Leeds,Newcastle,4,2026-09-14 19:00:00+00:00,0.4510644532193432,0.2582374872389315,0.2906980595417255,2026-09-14,True,4.0,1.0,H
Brentford,Chelsea,5,2026-09-18 19:00:00+00:00,0.3086832539072205,0.2625820684102119,0.4287346776825674,2026-09-18,True,3.0,0.0,H
Tottenham,Aston Villa,5,2026-09-19 11:30:00+00:00,0.3235847476528464,0.2641605948360032,0.4122546575111504,2026-09-19,True,2.0,3.0,A
Leeds,Crystal Palace,5,2026-09-19 14:00:00+00:00,0.5545192625522244,0.2385542370175053,0.2069265004302705,2026-09-20,True,0.0,0.0,D
Man City,Sunderland,5,2026-09-19 14:00:00+00:00,0.6680899861415095,0.1990219051564888,0.1328881087020016,2026-09-20,True,5.0,3.0,H
Brighton,Arsenal,5,2026-09-19 14:00:00+00:00,0.2546810528254554,0.2525294456788283,0.4927895014957163,2026-09-19,True,3.0,0.0,H
Everton,Ipswich,5,2026-09-19 14:00:00+00:00,0.4239022107647139,0.2635073513925493,0.3125904378427367,2026-09-19,True,1.0,0.0,H
Newcastle,Hull,5,2026-09-19 14:00:00+00:00,0.4606654782639794,0.258968045049147,0.2803664766868737,2026-09-19,True,2.0,1.0,H
Nott'm Forest,Coventry,5,2026-09-19 16:30:00+00:00,0.4758727496928257,0.2564924304846596,0.2676348198225147,2026-09-19,True,0.0,1.0,A
Bournemouth,Liverpool,5,2026-09-20 13:00:00+00:00,0.3170423405427791,0.2635267432305265,0.4194309162266943,2026-09-20,True,0.0,1.0,A
Fulham,Man United,5,2026-09-20 15:30:00+00:00,0.2420514573463976,0.2490948492380039,0.5088536934155985,2026-09-20,True,1.0,1.0,D
Ipswich,Fulham,6,2026-10-10 14:00:00+00:00,0.4623941725350144,0.256554742628154,0.2810510848368314,2026-10-01,False,,,
Sunderland,Brighton,6,2026-10-10 14:00:00+00:00,0.3097815079952385,0.2603555702794934,0.4298629217252679,2026-10-01,False,,,
Man United,Tottenham,6,2026-10-10 14:00:00+00:00,0.6945029389836886,0.1862992445544504,0.1191978164618608,2026-10-01,False,,,
Hull,Everton,6,2026-10-10 14:00:00+00:00,0.3583901900055373,0.2637296843531802,0.3778801256412822,2026-10-01,False,,,
Liverpool,Man City,6,2026-10-10 14:00:00+00:00,0.4332170103181607,0.2603467449567997,0.3064362447250396,2026-10-01,False,,,
Coventry,Newcastle,6,2026-10-10 14:00:00+00:00,0.4042568694106253,0.26278841090032,0.3329547196890545,2026-10-01,False,,,
Aston Villa,Brentford,6,2026-10-10 14:00:00+00:00,0.3768644796835849,0.2638026783440573,0.359332841972358,2026-10-01,False,,,
Arsenal,Leeds,6,2026-10-10 14:00:00+00:00,0.6139985797855332,0.2180169215727379,0.1679844986417288,2026-10-01,False,,,
Crystal Palace,Nott'm Forest,6,2026-10-10 14:00:00+00:00,0.3729664843230144,0.2638394452076101,0.3631940704693758,2026-10-01,False,,,
Chelsea,Bournemouth,6,2026-10-10 14:00:00+00:00,0.5419059702999872,0.2400387887999676,0.2180552409000452,2026-10-01,False,,,
Newcastle,Aston Villa,7,2026-10-17 14:00:00+00:00,0.4232536057932937,0.2613397698702736,0.3154066243364327,2026-10-01,False,,,
Leeds,Man United,7,2026-10-17 14:00:00+00:00,0.3394668878780232,0.2629845180388329,0.3975485940831437,2026-10-01,False,,,
Man City,Ipswich,7,2026-10-17 14:00:00+00:00,0.5964910534772949,0.2239406220719411,0.1795683244507641,2026-10-01,False,,,
Nott'm Forest,Arsenal,7,2026-10-17 14:00:00+00:00,0.204062430848555,0.2336101261064721,0.5623274430449728,2026-10-01,False,,,
Tottenham,Coventry,7,2026-10-17 14:00:00+00:00,0.3164108605364883,0.2611041031921315,0.4224850362713801,2026-10-01,False,,,
Fulham,Hull,7,2026-10-17 14:00:00+00:00,0.4262624347309499,0.2610565183210068,0.3126810469480433,2026-10-01,False,,,
Brighton,Crystal Palace,7,2026-10-17 14:00:00+00:00,0.5804099311358926,0.2290618548463804,0.1905282140177269,2026-10-01,False,,,
Bournemouth,Sunderland,7,2026-10-17 14:00:00+00:00,0.5017654398030826,0.2494588131110104,0.2487757470859068,2026-10-01,False,,,
Everton,Chelsea,7,2026-10-17 14:00:00+00:00,0.2891137535659643,0.2573923458998862,0.4534939005341493,2026-10-01,False,,,
Brentford,Liverpool,7,2026-10-17 14:00:00+00:00,0.3316148067664766,0.2624673283716749,0.4059178648618484,2026-10-01,False,,,
Liverpool,Brighton,8,2026-10-24 14:00:00+00:00,0.4951006836311994,0.2508134735313463,0.2540858428374542,2026-10-01,False,,,
Hull,Brentford,8,2026-10-24 14:00:00+00:00,0.3143346279561206,0.2608799261724255,0.4247854458714536,2026-10-01,False,,,
Ipswich,Nott'm Forest,8,2026-10-24 14:00:00+00:00,0.4171140736707472,0.2618725587993596,0.3210133675298932,2026-10-01,False,,,
Man United,Bournemouth,8,2026-10-24 14:00:00+00:00,0.5273711844757333,0.2436950319373418,0.2289337835869248,2026-10-01,False,,,
Sunderland,Leeds,8,2026-10-24 14:00:00+00:00,0.3414263664098114,0.2630942433565559,0.3954793902336326,2026-10-01,False,,,
Crystal Palace,Newcastle,8,2026-10-24 14:00:00+00:00,0.3551276709710482,0.2636506064083355,0.3812217226206162,2026-10-01,False,,,
Chelsea,Tottenham,8,2026-10-24 14:00:00+00:00,0.7075140003161942,0.180505730655886,0.1119802690279197,2026-10-01,False,,,
Arsenal,Everton,8,2026-10-24 14:00:00+00:00,0.6545675120110533,0.2029350576919996,0.1424974302969471,2026-10-01,False,,,
Coventry,Fulham,8,2026-10-24 14:00:00+00:00,0.4681623776223458,0.2556539515685535,0.2761836708091006,2026-10-01,False,,,
Aston Villa,Man City,8,2026-10-24 14:00:00+00:00,0.2939194602511384,0.2581686276785175,0.447911912070344,2026-10-01,False,,,
Tottenham,Crystal Palace,9,2026-10-31 15:00:00+00:00,0.3637016336471362,0.2638154054574189,0.3724829608954446,2026-10-01,False,,,
Newcastle,Everton,9,2026-10-31 15:00:00+00:00,0.4212442912576283,0.2615208406705516,0.3172348680718199,2026-10-01,False,,,
Man City,Brighton,9,2026-10-31 15:00:00+00:00,0.4872809810239117,0.2523243873161966,0.2603946316598917,2026-10-01,False,,,
Liverpool,Arsenal,9,2026-10-31 15:00:00+00:00,0.345059346513333,0.263277516200488,0.3916631372861791,2026-10-01,False,,,
Hull,Ipswich,9,2026-10-31 15:00:00+00:00,0.3886836644229433,0.2635251835172582,0.3477911520597985,2026-10-01,False,,,
Chelsea,Man United,9,2026-10-31 15:00:00+00:00,0.4398259338200896,0.2596018827953014,0.3005721833846089,2026-10-01,False,,,
Brentford,Nott'm Forest,9,2026-10-31 15:00:00+00:00,0.4968460644910331,0.250464628142402,0.2526893073665647,2026-10-01,False,,,
Bournemouth,Leeds,9,2026-10-31 15:00:00+00:00,0.4141084232812701,0.262111066938799,0.3237805097799308,2026-10-01,False,,,
Aston Villa,Fulham,9,2026-10-31 15:00:00+00:00,0.4923286862346637,0.2513588289730886,0.2563124847922478,2026-10-01,False,,,
Coventry,Sunderland,9,2026-10-31 15:00:00+00:00,0.4450860487380421,0.2589607032977423,0.2959532479642156,2026-10-01,False,,,
Leeds,Tottenham,10,2026-11-07 15:00:00+00:00,0.6091111101743667,0.219706697158777,0.1711821926668562,2026-10-01,False,,,
Sunderland,Chelsea,10,2026-11-07 15:00:00+00:00,0.2509735027751787,0.2492167388644731,0.4998097583603481,2026-10-01,False,,,
Nott'm Forest,Man City,10,2026-11-07 15:00:00+00:00,0.2757782421809922,0.2549499074301845,0.4692718503888234,2026-10-01,False,,,
Man United,Aston Villa,10,2026-11-07 15:00:00+00:00,0.5600162832676091,0.235105509606774,0.2048782071256168,2026-10-01,False,,,
Ipswich,Bournemouth,10,2026-11-07 15:00:00+00:00,0.3653302560258484,0.2638311136378113,0.3708386303363401,2026-10-01,False,,,
Brighton,Brentford,10,2026-11-07 15:00:00+00:00,0.4542754618200989,0.2577393050382834,0.2879852331416175,2026-10-01,False,,,
Everton,Coventry,10,2026-11-07 15:00:00+00:00,0.4514211634888034,0.258132356656113,0.2904464798550835,2026-10-01,False,,,
Crystal Palace,Liverpool,10,2026-11-07 15:00:00+00:00,0.2260622349507484,0.2417629441770383,0.5321748208722133,2026-10-01,False,,,
Fulham,Newcastle,10,2026-11-07 15:00:00+00:00,0.36318194180878,0.2638093529404635,0.3730087052507566,2026-10-01,False,,,
Arsenal,Hull,10,2026-11-07 15:00:00+00:00,0.7183833716402162,0.1755271019343325,0.1060895264254511,2026-10-01,False,,,
Tottenham,Ipswich,11,2026-11-21 15:00:00+00:00,0.3215811470842382,0.2616222302232529,0.416796622692509,2026-10-01,False,,,
Newcastle,Arsenal,11,2026-11-21 15:00:00+00:00,0.2179123114488759,0.2389234054657772,0.5431642830853469,2026-10-01,False,,,
Man City,Fulham,11,2026-11-21 15:00:00+00:00,0.6327369212509757,0.2112829653814978,0.1559801133675266,2026-10-01,False,,,
Liverpool,Man United,11,2026-11-21 15:00:00+00:00,0.4399843436736268,0.259583196100387,0.3004324602259862,2026-10-01,False,,,
Hull,Brighton,11,2026-11-21 15:00:00+00:00,0.2889620840902673,0.257366964378841,0.4536709515308917,2026-10-01,False,,,
Chelsea,Leeds,11,2026-11-21 15:00:00+00:00,0.5301911535937051,0.243007096460474,0.2268017499458209,2026-10-01,False,,,
Brentford,Everton,11,2026-11-21 15:00:00+00:00,0.473432945026138,0.2547884400377696,0.2717786149360924,2026-10-01,False,,,
Bournemouth,Nott'm Forest,11,2026-11-21 15:00:00+00:00,0.4790765282107831,0.2538172400424483,0.2671062317467684,2026-10-01,False,,,
Aston Villa,Sunderland,11,2026-11-21 15:00:00+00:00,0.4691079981727435,0.2555016351159472,0.2753903667113091,2026-10-01,False,,,
Coventry,Crystal Palace,11,2026-11-21 15:00:00+00:00,0.4767684135861493,0.2542199643235064,0.2690116220903442,2026-10-01,False,,,
Man United,Brentford,12,2026-11-28 15:00:00+00:00,0.5095695447267352,0.2477953593669375,0.2426350959063272,2026-10-01,False,,,
Leeds,Coventry,12,2026-11-28 15:00:00+00:00,0.4936121304092374,0.2511076540802793,0.2552802155104832,2026-10-01,False,,,
Sunderland,Tottenham,12,2026-11-28 15:00:00+00:00,0.5213621491784718,0.2451261417131136,0.2335117091084144,2026-10-01,False,,,
Nott'm Forest,Chelsea,12,2026-11-28 15:00:00+00:00,0.269411587681519,0.2536297770650373,0.4769586352534439,2026-10-01,False,,,
Ipswich,Aston Villa,12,2026-11-28 15:00:00+00:00,0.3964048993138416,0.263211770456359,0.3403833302297993,2026-10-01,False,,,
Fulham,Bournemouth,12,2026-11-28 15:00:00+00:00,0.3309144012825762,0.2624151051592232,0.4066704935582007,2026-10-01,False,,,
Crystal Palace,Hull,12,2026-11-28 15:00:00+00:00,0.4178221310836297,0.2618142277041466,0.3203636412122236,2026-10-01,False,,,
Brighton,Newcastle,12,2026-11-28 15:00:00+00:00,0.5069647996126083,0.2483597593861519,0.2446754410012396,2026-10-01,False,,,
Arsenal,Man City,12,2026-11-28 15:00:00+00:00,0.5173625023541841,0.2460522488364871,0.2365852488093285,2026-10-01,False,,,
Everton,Liverpool,12,2026-11-28 15:00:00+00:00,0.2889764819272676,0.257369376153844,0.4536541419188885,2026-10-01,False,,,
Tottenham,Fulham,13,2026-12-02 20:00:00+00:00,0.3556433530543348,0.2636644539049496,0.3806921930407156,2026-10-01,False,,,
Newcastle,Man United,13,2026-12-02 20:00:00+00:00,0.2978328476210598,0.2587611674663724,0.4434059849125679,2026-10-01,False,,,
Man City,Leeds,13,2026-12-02 20:00:00+00:00,0.5225248062199904,0.2448529556645665,0.2326222381154431,2026-10-01,False,,,
Liverpool,Sunderland,13,2026-12-02 20:00:00+00:00,0.6178413951022148,0.2166688549316802,0.165489749966105,2026-10-01,False,,,
Hull,Nott'm Forest,13,2026-12-02 20:00:00+00:00,0.3804549301574348,0.2637446110602414,0.3558004587823237,2026-10-01,False,,,
Coventry,Ipswich,13,2026-12-02 20:00:00+00:00,0.431231354213859,0.2605571924552294,0.3082114533309117,2026-10-01,False,,,
Chelsea,Crystal Palace,13,2026-12-02 20:00:00+00:00,0.6482767837858265,0.2053954405275694,0.1463277756866042,2026-10-01,False,,,
Brentford,Arsenal,13,2026-12-02 20:00:00+00:00,0.2589061360870681,0.2512252589769529,0.4898686049359788,2026-10-01,False,,,
Bournemouth,Brighton,13,2026-12-02 20:00:00+00:00,0.3802285019319683,0.2637489542617818,0.3560225438062498,2026-10-01,False,,,
Aston Villa,Everton,13,2026-12-02 20:00:00+00:00,0.4235333152142173,0.2613140491152572,0.3151526356705255,2026-10-01,False,,,
Nott'm Forest,Brighton,14,2026-12-05 15:00:00+00:00,0.3300364839669309,0.2623482241062415,0.4076152919268276,2026-10-01,False,,,
Newcastle,Sunderland,14,2026-12-05 15:00:00+00:00,0.4667770981400718,0.2558747314898961,0.2773481703700319,2026-10-01,False,,,
Man United,Coventry,14,2026-12-05 15:00:00+00:00,0.5840183113292112,0.2279397122904716,0.1880419763803171,2026-10-01,False,,,
Leeds,Ipswich,14,2026-12-05 15:00:00+00:00,0.4994142741136068,0.2499436819033652,0.2506420439830277,2026-10-01,False,,,
Tottenham,Arsenal,14,2026-12-05 15:00:00+00:00,0.1293557479145774,0.1922229190480688,0.678421333037354,2026-10-01,False,,,
Chelsea,Liverpool,14,2026-12-05 15:00:00+00:00,0.4253877369494463,0.2611403548249973,0.3134719082255565,2026-10-01,False,,,
Brentford,Man City,14,2026-12-05 15:00:00+00:00,0.3387259013120925,0.2629410264364315,0.3983330722514757,2026-10-01,False,,,
Bournemouth,Hull,14,2026-12-05 15:00:00+00:00,0.5257912520014805,0.2440759096469568,0.2301328383515625,2026-10-01,False,,,
Aston Villa,Crystal Palace,14,2026-12-05 15:00:00+00:00,0.5009694699830229,0.2496238104734191,0.2494067195435578,2026-10-01,False,,,
Everton,Fulham,14,2026-12-05 15:00:00+00:00,0.4943847757857556,0.2509553409161056,0.2546598832981389,2026-10-01,False,,,
Sunderland,Nott'm Forest,15,2026-12-12 15:00:00+00:00,0.4034606865362213,0.2628360880358822,0.3337032254278965,2026-10-01,False,,,
Man City,Chelsea,15,2026-12-12 15:00:00+00:00,0.4180601053427879,0.2617944399041337,0.3201454547530782,2026-10-01,False,,,
Liverpool,Leeds,15,2026-12-12 15:00:00+00:00,0.5303519329322615,0.2429675612768975,0.2266805057908408,2026-10-01,False,,,
Ipswich,Newcastle,15,2026-12-12 15:00:00+00:00,0.3986592089609529,0.263100932676697,0.33823985836235,2026-10-01,False,,,
Hull,Tottenham,15,2026-12-12 15:00:00+00:00,0.4973375204731568,0.2503656424600005,0.2522968370668428,2026-10-01,False,,,
Fulham,Brentford,15,2026-12-12 15:00:00+00:00,0.31498402717083,0.260951043139121,0.4240649296900488,2026-10-01,False,,,
Crystal Palace,Man United,15,2026-12-12 15:00:00+00:00,0.2373111528828015,0.245350847120931,0.5173379999962675,2026-10-01,False,,,
Coventry,Aston Villa,15,2026-12-12 15:00:00+00:00,0.4019940106701513,0.2629211229666159,0.3350848663632327,2026-10-01,False,,,
Brighton,Everton,15,2026-12-12 15:00:00+00:00,0.5025624210413511,0.2492927374151558,0.2481448415434932,2026-10-01,False,,,
Arsenal,Bournemouth,15,2026-12-12 15:00:00+00:00,0.6253424078615113,0.2139884192829758,0.1606691728555128,2026-10-01,False,,,
Nott'm Forest,Everton,16,2026-12-19 15:00:00+00:00,0.4027427744330638,0.2628781640326981,0.334379061534238,2026-10-01,False,,,
Man City,Hull,16,2026-12-19 15:00:00+00:00,0.6334395331671341,0.2110226589557605,0.1555378078771055,2026-10-01,False,,,
Liverpool,Tottenham,16,2026-12-19 15:00:00+00:00,0.7076565942503876,0.1804412322727492,0.1119021734768632,2026-10-01,False,,,
Leeds,Fulham,16,2026-12-19 15:00:00+00:00,0.5367798106209516,0.2413594589551831,0.2218607304238652,2026-10-01,False,,,
Sunderland,Crystal Palace,16,2026-12-19 15:00:00+00:00,0.4570026457755313,0.2573523403563695,0.2856450138680991,2026-10-01,False,,,
Brighton,Ipswich,16,2026-12-19 15:00:00+00:00,0.5346642983750937,0.2418946206090077,0.2234410810158985,2026-10-01,False,,,
Brentford,Newcastle,16,2026-12-19 15:00:00+00:00,0.4778181521651443,0.2540377488182219,0.2681440990166337,2026-10-01,False,,,
Bournemouth,Coventry,16,2026-12-19 15:00:00+00:00,0.4819024317584205,0.2533138202005101,0.2647837480410695,2026-10-01,False,,,
Arsenal,Man United,16,2026-12-19 15:00:00+00:00,0.524245559440583,0.2444453611924624,0.2313090793669545,2026-10-01,False,,,
Chelsea,Aston Villa,16,2026-12-19 15:00:00+00:00,0.5744478904621857,0.2308813897318627,0.1946707198059515,2026-10-01,False,,,
Newcastle,Man City,17,2026-12-26 15:00:00+00:00,0.2919069962771341,0.2578501176109984,0.4502428861118674,2026-10-01,False,,,
Man United,Nott'm Forest,17,2026-12-26 15:00:00+00:00,0.581222948705779,0.2288103928511849,0.189966658443036,2026-10-01,False,,,
Ipswich,Brentford,17,2026-12-26 15:00:00+00:00,0.3487833227518663,0.2634384375960676,0.3877782396520661,2026-10-01,False,,,
Hull,Liverpool,17,2026-12-26 15:00:00+00:00,0.232076309068598,0.2437279382710897,0.524195752660312,2026-10-01,False,,,
Tottenham,Bournemouth,17,2026-12-26 15:00:00+00:00,0.2676306605157668,0.2532421923025824,0.4791271471816506,2026-10-01,False,,,
Everton,Sunderland,17,2026-12-26 15:00:00+00:00,0.4711553743762263,0.2551673965740035,0.2736772290497703,2026-10-01,False,,,
Crystal Palace,Arsenal,17,2026-12-26 15:00:00+00:00,0.167221135079043,0.2161610388318645,0.6166178260890923,2026-10-01,False,,,
Coventry,Chelsea,17,2026-12-26 15:00:00+00:00,0.2670766387443225,0.2531199694944995,0.4798033917611779,2026-10-01,False,,,
Aston Villa,Leeds,17,2026-12-26 15:00:00+00:00,0.3826239147916065,0.2636983835755306,0.3536777016328629,2026-10-01,False,,,
Fulham,Brighton,17,2026-12-26 15:00:00+00:00,0.289588066902971,0.257471371063721,0.4529405620333079,2026-10-01,False,,,
Ipswich,Chelsea,18,2026-12-30 20:00:00+00:00,0.2623244192903814,0.2520391083410527,0.4856364723685659,2026-10-01,False,,,
Tottenham,Brighton,18,2026-12-30 20:00:00+00:00,0.2303665543645827,0.2431803543444889,0.5264530912909283,2026-10-01,False,,,
Newcastle,Nott'm Forest,18,2026-12-30 20:00:00+00:00,0.4442726116236096,0.2590626348948029,0.2966647534815875,2026-10-01,False,,,
Man United,Sunderland,18,2026-12-30 20:00:00+00:00,0.6035340677871448,0.2216008299118644,0.1748651023009906,2026-10-01,False,,,
Hull,Leeds,18,2026-12-30 20:00:00+00:00,0.3197269318886925,0.2614429615170806,0.4188301065942269,2026-10-01,False,,,
Fulham,Arsenal,18,2026-12-30 20:00:00+00:00,0.1727606338695187,0.2191192524930618,0.6081201136374195,2026-10-01,False,,,
Coventry,Brentford,18,2026-12-30 20:00:00+00:00,0.3541506197890058,0.2636229760976102,0.382226404113384,2026-10-01,False,,,
Aston Villa,Liverpool,18,2026-12-30 20:00:00+00:00,0.2872230120161272,0.2570720474851496,0.4557049404987231,2026-10-01,False,,,
Everton,Man City,18,2026-12-30 20:00:00+00:00,0.2956912482619453,0.258441270466521,0.4458674812715337,2026-10-01,False,,,
Crystal Palace,Bournemouth,18,2026-12-30 20:00:00+00:00,0.3231368634737103,0.2617670317120421,0.4150961048142476,2026-10-01,False,,,
Man City,Tottenham,19,2027-01-02 15:00:00+00:00,0.7006848367565625,0.1835692398247842,0.1157459234186532,2026-10-01,False,,,
Liverpool,Coventry,19,2027-01-02 15:00:00+00:00,0.5984733880447064,0.2232879822315172,0.1782386297237764,2026-10-01,False,,,
Nott'm Forest,Fulham,19,2027-01-02 15:00:00+00:00,0.4709814507005719,0.2551960264911674,0.2738225228082606,2026-10-01,False,,,
Leeds,Everton,19,2027-01-02 15:00:00+00:00,0.4673935280082466,0.25577683357443,0.2768296384173233,2026-10-01,False,,,
Sunderland,Hull,19,2027-01-02 15:00:00+00:00,0.4491711544737106,0.2584335330472209,0.2923953124790686,2026-10-01,False,,,
Brighton,Man United,19,2027-01-02 15:00:00+00:00,0.3721896788972418,0.2638434795010839,0.3639668416016742,2026-10-01,False,,,
Bournemouth,Aston Villa,19,2027-01-02 15:00:00+00:00,0.4577917609339091,0.2572382993750227,0.284969939691068,2026-10-01,False,,,
Arsenal,Ipswich,19,2027-01-02 15:00:00+00:00,0.6843428344510052,0.1906965652209019,0.1249606003280927,2026-10-01,False,,,
Brentford,Crystal Palace,19,2027-01-02 15:00:00+00:00,0.5514589744423183,0.2374881025616053,0.2110529229960765,2026-10-01,False,,,
Chelsea,Newcastle,19,2027-01-02 15:00:00+00:00,0.5767664751931102,0.2301789213634341,0.1930546034434554,2026-10-01,False,,,
Sunderland,Liverpool,20,2027-01-06 20:00:00+00:00,0.2508452814340827,0.2491828760469475,0.4999718425189697,2026-10-01,False,,,
Nott'm Forest,Hull,20,2027-01-06 20:00:00+00:00,0.4717112206783709,0.2550756037004478,0.2732131756211813,2026-10-01,False,,,
Man United,Newcastle,20,2027-01-06 20:00:00+00:00,0.5623457017462543,0.23444109950053,0.2032131987532158,2026-10-01,False,,,
Leeds,Man City,20,2027-01-06 20:00:00+00:00,0.3332071861952949,0.2625823229771765,0.4042104908275286,2026-10-01,False,,,
Ipswich,Coventry,20,2027-01-06 20:00:00+00:00,0.4198754352080864,0.2616404694241956,0.3184840953677178,2026-10-01,False,,,
Fulham,Tottenham,20,2027-01-06 20:00:00+00:00,0.4980705060826852,0.2502173906101723,0.2517121033071424,2026-10-01,False,,,
Everton,Aston Villa,20,2027-01-06 20:00:00+00:00,0.4275589157953203,0.2609300124522426,0.311511071752437,2026-10-01,False,,,
Crystal Palace,Chelsea,20,2027-01-06 20:00:00+00:00,0.2261836644851463,0.2418037003362146,0.5320126351786391,2026-10-01,False,,,
Brighton,Bournemouth,20,2027-01-06 20:00:00+00:00,0.4719486226368699,0.2550362625958146,0.2730151147673155,2026-10-01,False,,,
Arsenal,Brentford,20,2027-01-06 20:00:00+00:00,0.6080960166253135,0.2200541620806416,0.1718498212940449,2026-10-01,False,,,
Newcastle,Fulham,21,2027-01-16 15:00:00+00:00,0.4899871807595135,0.2518111584787376,0.2582016607617489,2026-10-01,False,,,
Man City,Nott'm Forest,21,2027-01-16 15:00:00+00:00,0.5880057001596948,0.2266814738344404,0.1853128260058648,2026-10-01,False,,,
Liverpool,Crystal Palace,21,2027-01-16 15:00:00+00:00,0.6484290358208918,0.2053364144685879,0.1462345497105201,2026-10-01,False,,,
Hull,Arsenal,21,2027-01-16 15:00:00+00:00,0.1722865378211366,0.2188710031334045,0.6088424590454588,2026-10-01,False,,,
Tottenham,Leeds,21,2027-01-16 15:00:00+00:00,0.2580627601348688,0.2510197233972411,0.49091751646789,2026-10-01,False,,,
Chelsea,Sunderland,21,2027-01-16 15:00:00+00:00,0.6176856167411637,0.2167238344248344,0.1655905488340019,2026-10-01,False,,,
Brentford,Brighton,21,2027-01-16 15:00:00+00:00,0.3972348934609804,0.2631719711684997,0.3395931353705199,2026-10-01,False,,,
Bournemouth,Ipswich,21,2027-01-16 15:00:00+00:00,0.4876956501073411,0.2522464119878147,0.2600579379048441,2026-10-01,False,,,
Aston Villa,Man United,21,2027-01-16 15:00:00+00:00,0.2998633688065171,0.2590547827112172,0.4410818484822657,2026-10-01,False,,,
Coventry,Everton,21,2027-01-16 15:00:00+00:00,0.4000103194639779,0.2630303539809115,0.3369593265551106,2026-10-01,False,,,
Nott'm Forest,Bournemouth,22,2027-01-23 15:00:00+00:00,0.3734553844594439,0.2638363433346544,0.3627082722059017,2026-10-01,False,,,
Man United,Liverpool,22,2027-01-23 15:00:00+00:00,0.4112126872640775,0.2623268442548937,0.3264604684810286,2026-10-01,False,,,
Leeds,Chelsea,22,2027-01-23 15:00:00+00:00,0.3262863748860982,0.2620446218274848,0.411669003286417,2026-10-01,False,,,
Ipswich,Hull,22,2027-01-23 15:00:00+00:00,0.4631222644215234,0.2564437351653651,0.2804340004131113,2026-10-01,False,,,
Sunderland,Coventry,22,2027-01-23 15:00:00+00:00,0.4061993635502244,0.2626676288906345,0.3311330075591409,2026-10-01,False,,,
Everton,Brentford,22,2027-01-23 15:00:00+00:00,0.378814026116366,0.2637740135499418,0.3574119603336922,2026-10-01,False,,,
Crystal Palace,Tottenham,22,2027-01-23 15:00:00+00:00,0.4894323575725953,0.251917216453134,0.2586504259742707,2026-10-01,False,,,
Brighton,Man City,22,2027-01-23 15:00:00+00:00,0.3657195404944684,0.2638341382427015,0.3704463212628299,2026-10-01,False,,,
Arsenal,Newcastle,22,2027-01-23 15:00:00+00:00,0.6587032419560278,0.2012935315556286,0.1400032264883438,2026-10-01,False,,,
Fulham,Aston Villa,22,2027-01-23 15:00:00+00:00,0.3609919031051047,0.2637782965046257,0.3752298003902695,2026-10-01,False,,,
Liverpool,Everton,23,2027-01-30 15:00:00+00:00,0.5725701594023551,0.231445486753435,0.1959843538442098,2026-10-01,False,,,
Tottenham,Sunderland,23,2027-01-30 15:00:00+00:00,0.3342614426221402,0.2626556117055849,0.403082945672275,2026-10-01,False,,,
Newcastle,Brighton,23,2027-01-30 15:00:00+00:00,0.3474191103257097,0.2633826341023607,0.3891982555719295,2026-10-01,False,,,
Man City,Arsenal,23,2027-01-30 15:00:00+00:00,0.3378976076313071,0.262891107680086,0.3992112846886068,2026-10-01,False,,,
Hull,Crystal Palace,23,2027-01-30 15:00:00+00:00,0.4332989359458923,0.2603379290489487,0.306363135005159,2026-10-01,False,,,
Coventry,Leeds,23,2027-01-30 15:00:00+00:00,0.3597936756226568,0.2637574936840158,0.3764488306933274,2026-10-01,False,,,
Bournemouth,Fulham,23,2027-01-30 15:00:00+00:00,0.5250580405907272,0.2442515534983567,0.2306904059109159,2026-10-01,False,,,
Aston Villa,Ipswich,23,2027-01-30 15:00:00+00:00,0.4551306596184834,0.2576191573113201,0.2872501830701964,2026-10-01,False,,,
Chelsea,Nott'm Forest,23,2027-01-30 15:00:00+00:00,0.5955386815193968,0.2242525144926744,0.1802088039879288,2026-10-01,False,,,
Brentford,Man United,23,2027-01-30 15:00:00+00:00,0.3450245040932012,0.2632758822452229,0.391699613661576,2026-10-01,False,,,
Man United,Chelsea,24,2027-02-06 15:00:00+00:00,0.4113687729059285,0.2623155655842267,0.3263156615098449,2026-10-01,False,,,
Leeds,Bournemouth,24,2027-02-06 15:00:00+00:00,0.4370496732197209,0.259923068830577,0.3030272579497021,2026-10-01,False,,,
Sunderland,Aston Villa,24,2027-02-06 15:00:00+00:00,0.3829414004377595,0.2636909161956616,0.3533676833665788,2026-10-01,False,,,
Nott'm Forest,Brentford,24,2027-02-06 15:00:00+00:00,0.3567813337555763,0.2636932179759281,0.3795254482684955,2026-10-01,False,,,
Ipswich,Tottenham,24,2027-02-06 15:00:00+00:00,0.535437184383031,0.2416997739473506,0.2228630416696181,2026-10-01,False,,,
Fulham,Man City,24,2027-02-06 15:00:00+00:00,0.2386788776838953,0.2457617055953011,0.5155594167208035,2026-10-01,False,,,
Crystal Palace,Coventry,24,2027-02-06 15:00:00+00:00,0.3756432630762625,0.2638171521065578,0.3605395848171798,2026-10-01,False,,,
Brighton,Hull,24,2027-02-06 15:00:00+00:00,0.5725868674631027,0.2314404864116343,0.1959726461252629,2026-10-01,False,,,
Arsenal,Liverpool,24,2027-02-06 15:00:00+00:00,0.5095315957109308,0.2478036480544195,0.2426647562346497,2026-10-01,False,,,
Everton,Newcastle,24,2027-02-06 15:00:00+00:00,0.4298554216915169,0.2606993749650568,0.3094452033434263,2026-10-01,False,,,
Tottenham,Man City,25,2027-02-10 20:00:00+00:00,0.1855132145439422,0.2254632453868168,0.589023540069241,2026-10-01,False,,,
Newcastle,Chelsea,25,2027-02-10 20:00:00+00:00,0.2853680058862154,0.2567495525204614,0.457882441593323,2026-10-01,False,,,
Man United,Brighton,25,2027-02-10 20:00:00+00:00,0.480414257096592,0.2535803476649534,0.2660053952384547,2026-10-01,False,,,
Ipswich,Arsenal,25,2027-02-10 20:00:00+00:00,0.1979533178628627,0.2310619149030991,0.5709847672340382,2026-10-01,False,,,
Hull,Sunderland,25,2027-02-10 20:00:00+00:00,0.4022038617346384,0.2629091785291155,0.3348869597362461,2026-10-01,False,,,
Everton,Leeds,25,2027-02-10 20:00:00+00:00,0.3845825688880877,0.2636494717949814,0.3517679593169305,2026-10-01,False,,,
Crystal Palace,Brentford,25,2027-02-10 20:00:00+00:00,0.3073636572990231,0.2600586549661233,0.4325776877348534,2026-10-01,False,,,
Coventry,Liverpool,25,2027-02-10 20:00:00+00:00,0.2669443961258609,0.2530906792687218,0.4799649246054172,2026-10-01,False,,,
Aston Villa,Bournemouth,25,2027-02-10 20:00:00+00:00,0.3938268471499341,0.263327861521562,0.3428452913285039,2026-10-01,False,,,
Fulham,Nott'm Forest,25,2027-02-10 20:00:00+00:00,0.3811513084564389,0.2637306809937123,0.3551180105498487,2026-10-01,False,,,
Liverpool,Hull,26,2027-02-20 15:00:00+00:00,0.6409171665241071,0.2082176736481925,0.1508651598277004,2026-10-01,False,,,
Sunderland,Everton,26,2027-02-20 15:00:00+00:00,0.3809852961310044,0.2637340802355241,0.3552806236334713,2026-10-01,False,,,
Nott'm Forest,Man United,26,2027-02-20 15:00:00+00:00,0.2815525201986042,0.256060300194268,0.4623871796071275,2026-10-01,False,,,
Man City,Newcastle,26,2027-02-20 15:00:00+00:00,0.5691752731816908,0.232454405659713,0.1983703211585961,2026-10-01,False,,,
Leeds,Aston Villa,26,2027-02-20 15:00:00+00:00,0.4694400087529335,0.2554478474783778,0.2751121437686885,2026-10-01,False,,,
Arsenal,Fulham,26,2027-02-20 15:00:00+00:00,0.7177430226504037,0.1758238952790611,0.1064330820705349,2026-10-01,False,,,
Brighton,Tottenham,26,2027-02-20 15:00:00+00:00,0.6430467881905113,0.2074072704718186,0.14954594133767,2026-10-01,False,,,
Brentford,Coventry,26,2027-02-20 15:00:00+00:00,0.4996789479887474,0.2498894784407729,0.2504315735704797,2026-10-01,False,,,
Bournemouth,Crystal Palace,26,2027-02-20 15:00:00+00:00,0.5336995966601301,0.2421367396504643,0.2241636636894056,2026-10-01,False,,,
Chelsea,Ipswich,26,2027-02-20 15:00:00+00:00,0.6039924605314253,0.2214465203774465,0.1745610190911282,2026-10-01,False,,,
Ipswich,Brighton,27,2027-02-27 15:00:00+00:00,0.3222728005393055,0.2616872373395326,0.4160399621211619,2026-10-01,False,,,
Tottenham,Liverpool,27,2027-02-27 15:00:00+00:00,0.1802724792861973,0.2229327803167704,0.5967947403970321,2026-10-01,False,,,
Newcastle,Brentford,27,2027-02-27 15:00:00+00:00,0.3746475744870652,0.2638269605825381,0.3615254649303964,2026-10-01,False,,,
Man United,Arsenal,27,2027-02-27 15:00:00+00:00,0.3316491274767837,0.2624698615310172,0.4058810109921988,2026-10-01,False,,,
Hull,Man City,27,2027-02-27 15:00:00+00:00,0.238109584123174,0.245591349035778,0.5162990668410481,2026-10-01,False,,,
Aston Villa,Chelsea,27,2027-02-27 15:00:00+00:00,0.2873599029642594,0.257095521690132,0.4555445753456087,2026-10-01,False,,,
Everton,Nott'm Forest,27,2027-02-27 15:00:00+00:00,0.4486191594603766,0.2585062495875367,0.2928745909520864,2026-10-01,False,,,
Crystal Palace,Sunderland,27,2027-02-27 15:00:00+00:00,0.3945906061741462,0.2632946592163294,0.3421147346095244,2026-10-01,False,,,
Coventry,Bournemouth,27,2027-02-27 15:00:00+00:00,0.370783638652477,0.2638479835982259,0.365368377749297,2026-10-01,False,,,
Fulham,Leeds,27,2027-02-27 15:00:00+00:00,0.3203809113279928,0.2615070215622014,0.4181120671098056,2026-10-01,False,,,
Sunderland,Man United,28,2027-03-03 20:00:00+00:00,0.2627071501563998,0.2521283255526321,0.4851645242909682,2026-10-01,False,,,
Nott'm Forest,Newcastle,28,2027-03-03 20:00:00+00:00,0.4069969540686156,0.2626162081183437,0.3303868378130408,2026-10-01,False,,,
Man City,Everton,28,2027-03-03 20:00:00+00:00,0.5648084852683173,0.2337313285618475,0.2014601861698351,2026-10-01,False,,,
Liverpool,Aston Villa,28,2027-03-03 20:00:00+00:00,0.5746070591349975,0.2308333753202136,0.1945595655447887,2026-10-01,False,,,
Leeds,Hull,28,2027-03-03 20:00:00+00:00,0.5375121384517927,0.2411728557190773,0.2213150058291301,2026-10-01,False,,,
Brighton,Fulham,28,2027-03-03 20:00:00+00:00,0.5718607016809549,0.2316574961600791,0.1964818021589657,2026-10-01,False,,,
Brentford,Ipswich,28,2027-03-03 20:00:00+00:00,0.5054839185474578,0.248676539715082,0.2458395417374601,2026-10-01,False,,,
Bournemouth,Tottenham,28,2027-03-03 20:00:00+00:00,0.5976562033536695,0.2235575855326006,0.1787862111137298,2026-10-01,False,,,
Arsenal,Crystal Palace,28,2027-03-03 20:00:00+00:00,0.7252535105862714,0.1723154975457717,0.1024309918679567,2026-10-01,False,,,
Chelsea,Coventry,28,2027-03-03 20:00:00+00:00,0.5983158644283968,0.2233400134144699,0.1783441221571332,2026-10-01,False,,,
Liverpool,Ipswich,29,2027-03-13 15:00:00+00:00,0.6041495111389997,0.2213935954260743,0.1744568934349257,2026-10-01,False,,,
Sunderland,Brentford,29,2027-03-13 15:00:00+00:00,0.3358907911326402,0.2627644401133047,0.4013447687540551,2026-10-01,False,,,
Man United,Everton,29,2027-03-13 15:00:00+00:00,0.5579701359826065,0.2356835508560475,0.2063463131613459,2026-10-01,False,,,
Tottenham,Nott'm Forest,29,2027-03-13 15:00:00+00:00,0.3138995044968286,0.260831764582397,0.4252687309207743,2026-10-01,False,,,
Leeds,Brighton,29,2027-03-13 15:00:00+00:00,0.3914108226718664,0.2634262653581998,0.3451629119699339,2026-10-01,False,,,
Chelsea,Arsenal,29,2027-03-13 15:00:00+00:00,0.3449116246527154,0.2632705722973865,0.3918178030498981,2026-10-01,False,,,
Coventry,Man City,29,2027-03-13 15:00:00+00:00,0.2734169278783614,0.2544721325380785,0.4721109395835599,2026-10-01,False,,,
Bournemouth,Newcastle,29,2027-03-13 15:00:00+00:00,0.4601166113755499,0.2568969331083581,0.2829864555160919,2026-10-01,False,,,
Aston Villa,Hull,29,2027-03-13 15:00:00+00:00,0.4930612854493965,0.2512157370788396,0.2557229774717638,2026-10-01,False,,,
Crystal Palace,Fulham,29,2027-03-13 15:00:00+00:00,0.4171080300048392,0.2618730531764723,0.3210189168186885,2026-10-01,False,,,
Nott'm Forest,Aston Villa,30,2027-03-20 15:00:00+00:00,0.4047300670311057,0.262759570487322,0.3325103624815722,2026-10-01,False,,,
Newcastle,Leeds,30,2027-03-20 15:00:00+00:00,0.3803964847373245,0.2637457408764932,0.3558577743861824,2026-10-01,False,,,
Man City,Man United,30,2027-03-20 15:00:00+00:00,0.4322878912959563,0.2604459885851694,0.3072661201188744,2026-10-01,False,,,
Ipswich,Crystal Palace,30,2027-03-20 15:00:00+00:00,0.4709876276738084,0.2551950104386528,0.2738173618875389,2026-10-01,False,,,
Hull,Chelsea,30,2027-03-20 15:00:00+00:00,0.2321994558560984,0.2437670428367511,0.5240335013071503,2026-10-01,False,,,
Everton,Tottenham,30,2027-03-20 15:00:00+00:00,0.5674076485265538,0.2329741199884684,0.1996182314849778,2026-10-01,False,,,
Brighton,Coventry,30,2027-03-20 15:00:00+00:00,0.5288629244961744,0.2433324142659877,0.2278046612378378,2026-10-01,False,,,
Brentford,Bournemouth,30,2027-03-20 15:00:00+00:00,0.4430274541205964,0.2592167011283256,0.2977558447510778,2026-10-01,False,,,
Arsenal,Sunderland,30,2027-03-20 15:00:00+00:00,0.6970987895662195,0.1851578881756717,0.1177433222581088,2026-10-01,False,,,
Fulham,Liverpool,30,2027-03-20 15:00:00+00:00,0.2326379583739733,0.2439059217818393,0.5234561198441874,2026-10-01,False,,,
Liverpool,Newcastle,31,2027-04-10 14:00:00+00:00,0.5769255082108118,0.2301304988876476,0.1929439929015406,2026-10-01,False,,,
Tottenham,Brentford,31,2027-04-10 14:00:00+00:00,0.2531789174147191,0.2497921674550615,0.4970289151302195,2026-10-01,False,,,
Sunderland,Ipswich,31,2027-04-10 14:00:00+00:00,0.4118243566993689,0.2622824154369526,0.3258932278636783,2026-10-01,False,,,
Man United,Hull,31,2027-04-10 14:00:00+00:00,0.626831066875293,0.2134487770970407,0.1597201560276662,2026-10-01,False,,,
Leeds,Nott'm Forest,31,2027-04-10 14:00:00+00:00,0.4907810523088618,0.2516586564885996,0.2575602912025387,2026-10-01,False,,,
Aston Villa,Brighton,31,2027-04-10 14:00:00+00:00,0.3495798140379999,0.2634693431979191,0.386950842764081,2026-10-01,False,,,
Coventry,Arsenal,31,2027-04-10 14:00:00+00:00,0.2020468013392455,0.2327835942370076,0.5651696044237469,2026-10-01,False,,,
Chelsea,Fulham,31,2027-04-10 14:00:00+00:00,0.6400653223732249,0.2085404031051119,0.1513942745216632,2026-10-01,False,,,
Bournemouth,Man City,31,2027-04-10 14:00:00+00:00,0.3226443600829656,0.261721742777162,0.4156338971398724,2026-10-01,False,,,
Crystal Palace,Everton,31,2027-04-10 14:00:00+00:00,0.3510510050335989,0.2635231927616586,0.3854258022047426,2026-10-01,False,,,
Ipswich,Man United,32,2027-04-17 14:00:00+00:00,0.274313061964187,0.2546550854184701,0.471031852617343,2026-10-01,False,,,
Nott'm Forest,Liverpool,32,2027-04-17 14:00:00+00:00,0.2692787866153852,0.2536011539215275,0.4771200594630871,2026-10-01,False,,,
Newcastle,Tottenham,32,2027-04-17 14:00:00+00:00,0.5630384720011476,0.2342422036295967,0.2027193243692557,2026-10-01,False,,,
Man City,Crystal Palace,32,2027-04-17 14:00:00+00:00,0.6409966307420774,0.2081875261547824,0.1508158431031402,2026-10-01,False,,,
Hull,Coventry,32,2027-04-17 14:00:00+00:00,0.3831483595870881,0.2636859523080013,0.3531656881049105,2026-10-01,False,,,
Arsenal,Aston Villa,32,2027-04-17 14:00:00+00:00,0.6565028580762362,0.2021692563521847,0.1413278855715789,2026-10-01,False,,,
Everton,Bournemouth,32,2027-04-17 14:00:00+00:00,0.3958020549843157,0.2632399385619677,0.3409580064537164,2026-10-01,False,,,
Brighton,Chelsea,32,2027-04-17 14:00:00+00:00,0.3585556676564056,0.2637331568107411,0.3777111755328533,2026-10-01,False,,,
Brentford,Leeds,32,2027-04-17 14:00:00+00:00,0.43149105103547,0.2605300214955767,0.3079789274689533,2026-10-01,False,,,
Fulham,Sunderland,32,2027-04-17 14:00:00+00:00,0.4029114540683531,0.2628683559104494,0.3342201900211974,2026-10-01,False,,,
Tottenham,Hull,33,2027-04-24 14:00:00+00:00,0.3563244119647847,0.2636819649405194,0.3799936230946961,2026-10-01,False,,,
Nott'm Forest,Sunderland,33,2027-04-24 14:00:00+00:00,0.4478843032037911,0.2586023373795005,0.2935133594167083,2026-10-01,False,,,
Newcastle,Ipswich,33,2027-04-24 14:00:00+00:00,0.4528096315867784,0.2579426884655234,0.2892476799476981,2026-10-01,False,,,
Man United,Crystal Palace,33,2027-04-24 14:00:00+00:00,0.6344258006859356,0.2106563172269886,0.1549178820870755,2026-10-01,False,,,
Leeds,Liverpool,33,2027-04-24 14:00:00+00:00,0.3261418011633001,0.2620323333416065,0.4118258654950933,2026-10-01,False,,,
Chelsea,Man City,33,2027-04-24 14:00:00+00:00,0.4330590813709204,0.2603637097531282,0.3065772088759514,2026-10-01,False,,,
Brentford,Fulham,33,2027-04-24 14:00:00+00:00,0.542839447757,0.2397946669459086,0.2173658852970913,2026-10-01,False,,,
Bournemouth,Arsenal,33,2027-04-24 14:00:00+00:00,0.2446953344063903,0.2475054492810797,0.50779921631253,2026-10-01,False,,,
Aston Villa,Coventry,33,2027-04-24 14:00:00+00:00,0.4493861840122593,0.2584050812740098,0.292208734713731,2026-10-01,False,,,
Everton,Brighton,33,2027-04-24 14:00:00+00:00,0.3514806274276528,0.263538128086044,0.3849812444863029,2026-10-01,False,,,
Ipswich,Leeds,34,2027-05-01 14:00:00+00:00,0.3543960871771441,0.2636300895565759,0.3819738232662799,2026-10-01,False,,,
Man City,Brentford,34,2027-05-01 14:00:00+00:00,0.516453655057887,0.246259724547385,0.237286620394728,2026-10-01,False,,,
Liverpool,Chelsea,34,2027-05-01 14:00:00+00:00,0.4257024144269253,0.261110334789246,0.3131872507838286,2026-10-01,False,,,
Sunderland,Newcastle,34,2027-05-01 14:00:00+00:00,0.3851733419402981,0.263633389179695,0.3511932688800069,2026-10-01,False,,,
Hull,Bournemouth,34,2027-05-01 14:00:00+00:00,0.3302518735514878,0.2623647794906986,0.4073833469578137,2026-10-01,False,,,
Coventry,Man United,34,2027-05-01 14:00:00+00:00,0.2791679778219861,0.2556116511247771,0.4652203710532367,2026-10-01,False,,,
Crystal Palace,Aston Villa,34,2027-05-01 14:00:00+00:00,0.3529546839233106,0.2635866660676836,0.3834586500090057,2026-10-01,False,,,
Brighton,Nott'm Forest,34,2027-05-01 14:00:00+00:00,0.5260297374861992,0.2440186272684918,0.2299516352453091,2026-10-01,False,,,
Arsenal,Tottenham,34,2027-05-01 14:00:00+00:00,0.7783783153349286,0.1458013032691917,0.0758203813958795,2026-10-01,False,,,
Fulham,Everton,34,2027-05-01 14:00:00+00:00,0.3590730791895891,0.2637436802642458,0.3771832405461651,2026-10-01,False,,,
Tottenham,Chelsea,35,2027-05-08 14:00:00+00:00,0.1803792709779716,0.2229853954375406,0.5966353335844876,2026-10-01,False,,,
Nott'm Forest,Crystal Palace,35,2027-05-08 14:00:00+00:00,0.4795930339793923,0.2537260767210771,0.2666808892995307,2026-10-01,False,,,
Newcastle,Coventry,35,2027-05-08 14:00:00+00:00,0.4470699739859013,0.2587078578312228,0.2942221681828758,2026-10-01,False,,,
Man City,Liverpool,35,2027-05-08 14:00:00+00:00,0.4179034078589327,0.261807479806288,0.3202891123347793,2026-10-01,False,,,
Leeds,Arsenal,35,2027-05-08 14:00:00+00:00,0.2540142766749332,0.2500066797091042,0.4959790436159627,2026-10-01,False,,,
Fulham,Ipswich,35,2027-05-08 14:00:00+00:00,0.3893845266276363,0.2635009978097752,0.3471144755625883,2026-10-01,False,,,
Everton,Hull,35,2027-05-08 14:00:00+00:00,0.4951175463827607,0.2508101233748181,0.2540723302424211,2026-10-01,False,,,
Brighton,Sunderland,35,2027-05-08 14:00:00+00:00,0.5487160032762355,0.238232336321973,0.2130516604017915,2026-10-01,False,,,
Brentford,Aston Villa,35,2027-05-08 14:00:00+00:00,0.4754824260769944,0.2544410347624743,0.2700765391605313,2026-10-01,False,,,
Bournemouth,Man United,35,2027-05-08 14:00:00+00:00,0.3288259096505492,0.2622533980838748,0.4089206922655758,2026-10-01,False,,,
Man United,Leeds,36,2027-05-15 14:00:00+00:00,0.5156413090777352,0.2464442380836976,0.2379144528385672,2026-10-01,False,,,
Liverpool,Brentford,36,2027-05-15 14:00:00+00:00,0.5242834974889434,0.2444363308558625,0.2312801716551941,2026-10-01,False,,,
Ipswich,Man City,36,2027-05-15 14:00:00+00:00,0.2686101281568949,0.2534563543351004,0.4779335175080046,2026-10-01,False,,,
Hull,Fulham,36,2027-05-15 14:00:00+00:00,0.4248279695447284,0.2611933652724851,0.3139786651827864,2026-10-01,False,,,
Sunderland,Bournemouth,36,2027-05-15 14:00:00+00:00,0.3522178279727136,0.263562925969415,0.3842192460578712,2026-10-01,False,,,
Coventry,Tottenham,36,2027-05-15 14:00:00+00:00,0.5412338026122725,0.2402138828612182,0.2185523145265092,2026-10-01,False,,,
Chelsea,Everton,36,2027-05-15 14:00:00+00:00,0.5724108758044006,0.231493139561978,0.1960959846336213,2026-10-01,False,,,
Crystal Palace,Brighton,36,2027-05-15 14:00:00+00:00,0.2822473185157448,0.256188426713105,0.4615642547711501,2026-10-01,False,,,
Arsenal,Nott'm Forest,36,2027-05-15 14:00:00+00:00,0.6764209243085332,0.1940475278483577,0.1295315478431089,2026-10-01,False,,,
Aston Villa,Newcastle,36,2027-05-15 14:00:00+00:00,0.4278392479093502,0.2609023070960462,0.3112584449946034,2026-10-01,False,,,
Newcastle,Crystal Palace,37,2027-05-23 14:00:00+00:00,0.4986258663369796,0.2501045719344234,0.2512695617285971,2026-10-01,False,,,
Tottenham,Man United,37,2027-05-23 14:00:00+00:00,0.190193412412611,0.2276356854599093,0.5821709021274796,2026-10-01,False,,,
Man City,Aston Villa,37,2027-05-23 14:00:00+00:00,0.5668506244611281,0.2331370982700596,0.2000122772688123,2026-10-01,False,,,
Leeds,Sunderland,37,2027-05-23 14:00:00+00:00,0.5134963191851285,0.2469272042795359,0.2395764765353354,2026-10-01,False,,,
Nott'm Forest,Ipswich,37,2027-05-23 14:00:00+00:00,0.4340129382293236,0.2602606505382452,0.3057264112324311,2026-10-01,False,,,
Everton,Arsenal,37,2027-05-23 14:00:00+00:00,0.2211824456613079,0.2400876066538355,0.5387299476848564,2026-10-01,False,,,
Brighton,Liverpool,37,2027-05-23 14:00:00+00:00,0.3584058991978472,0.2637300162282907,0.377864084573862,2026-10-01,False,,,
Bournemouth,Chelsea,37,2027-05-23 14:00:00+00:00,0.3158132681711049,0.261040531567182,0.4231462002617129,2026-10-01,False,,,
Fulham,Coventry,37,2027-05-23 14:00:00+00:00,0.3838462380193739,0.2636686550930873,0.352485106887539,2026-10-01,False,,,
Brentford,Hull,37,2027-05-23 14:00:00+00:00,0.543571089224459,0.2396025506214275,0.2168263601541133,2026-10-01,False,,,
Coventry,Nott'm Forest,38,2027-05-30 15:00:00+00:00,0.4227752049155473,0.2613834702266621,0.3158413248577905,2026-10-01,False,,,
Crystal Palace,Leeds,38,2027-05-30 15:00:00+00:00,0.3127057464149736,0.2606975253397554,0.426596728245271,2026-10-01,False,,,
Hull,Newcastle,38,2027-05-30 15:00:00+00:00,0.362496379315041,0.2638005968931681,0.3737030237917907,2026-10-01,False,,,
Ipswich,Everton,38,2027-05-30 15:00:00+00:00,0.3944288452072863,0.2633017751038179,0.3422693796888956,2026-10-01,False,,,
Liverpool,Bournemouth,38,2027-05-30 15:00:00+00:00,0.5420665029058223,0.2399968858539128,0.2179366112402647,2026-10-01,False,,,
Man United,Fulham,38,2027-05-30 15:00:00+00:00,0.6261250835501526,0.2137050137535886,0.1601699026962587,2026-10-01,False,,,
Arsenal,Brighton,38,2027-05-30 15:00:00+00:00,0.5794612705117237,0.2293542594538006,0.1911844700344757,2026-10-01,False,,,
Aston Villa,Tottenham,38,2027-05-30 15:00:00+00:00,0.5653658610851166,0.2335696519698689,0.2010644869450145,2026-10-01,False,,,
Chelsea,Brentford,38,2027-05-30 15:00:00+00:00,0.524122640712976,0.2444746063370975,0.2314027529499265,2026-10-01,False,,,
Sunderland,Man City,38,2027-05-30 15:00:00+00:00,0.2571237778485012,0.2507886660437602,0.4920875561077386,2026-10-01,False,,,
